,energy,time,x,y,z
0,862023.1854193296,410709.6109251508,599.5436588604182,326.62786481499364,182.9852878876142
1,208628.8843634767,410717.9500275308,597.8901560880944,325.07003614319825,181.94168910873148
2,4493.419429759726,410726.28912991076,596.2366533157706,323.51220747140286,180.89809032984877
3,3.1847739734923506e-23,410734.62823229074,594.5831505434468,321.95437879960747,179.8544915509661
4,1.6495608711670235e-25,410742.9673346707,592.929647771123,320.3965501278121,178.81089277208338
5,2.896489866772181e-41,410751.3064370507,591.276144998799,318.83872145601663,177.76729399320067
6,0.0,410759.64553943067,589.6226422264753,317.28089278422124,176.72369521431796
7,0.0,410767.98464181065,587.9691394541514,315.72306411242585,175.68009643543525
8,0.0,410776.3237441906,586.3156366818276,314.16523544063045,174.63649765655254
9,0.0,410784.6628465706,584.6621339095038,312.60740676883506,173.59289887766985
10,0.0,410793.0019489506,583.00863113718,311.04957809703967,172.54930009878714
11,0.0,410801.34105133056,581.3551283648562,309.4917494252443,171.50570131990443
12,0.0,410809.68015371053,579.7016255925324,307.9339207534489,170.46210254102175
13,0.0,410818.0192560905,578.0481228202086,306.3760920816535,169.41850376213904
14,0.0,410826.3583584705,576.3946200478848,304.8182634098581,168.37490498325633
15,0.0,410834.69746085047,574.7411172755609,303.2604347380627,167.33130620437362
16,0.0,410843.03656323045,573.0876145032371,301.7026060662673,166.2877074254909
17,0.0,410851.3756656104,571.4341117309133,300.14477739447193,165.24410864660823
18,0.0,410859.7147679904,569.7806089585895,298.58694872267654,164.20050986772551
19,0.0,410868.0538703704,568.1271061862657,297.02912005088115,163.1569110888428
20,0.0,410876.39297275036,566.4736034139419,295.4712913790857,162.1133123099601
21,0.0,410884.73207513033,564.8201006416181,293.9134627072903,161.0697135310774
22,0.0,410893.0711775103,563.1665978692943,292.3556340354949,160.0261147521947
23,2.896489866772181e-41,410901.4102798903,561.5130950969703,290.7978053636995,158.982515973312
24,6.1791783824471804e-40,410909.74938227027,559.8595923246465,289.23997669190413,157.93891719442928
25,3.0895891912235484e-39,410918.08848465024,558.2060895523227,287.68214802010874,156.89531841554657
26,3.741817897072355e-16,410926.4275870302,556.5525867799989,286.12431934831335,155.8517196366639
27,7.949913182058035e-16,410934.7666894102,554.8990840076751,284.56649067651796,154.80812085778118
28,2.0273437056150973e-16,410943.1057917902,553.2455812353513,283.00866200472257,153.76452207889847
29,10975.957233743453,410951.44489417016,551.5920784630275,281.4508333329272,152.72092330001578
30,21305.104265136968,410959.78399655013,549.9385756907037,279.8930046611318,151.67732452113307
31,23342.710997753507,410968.1230989301,548.2850729183799,278.3351759893364,150.63372574225036
32,16115.960501374186,410976.4622013101,546.631570146056,276.77734731754094,149.59012696336765
33,9952.103982622179,410984.80130369007,544.9780673737322,275.21951864574555,148.54652818448494
34,5718.8477897418115,410993.14040607004,543.3245646014084,273.66168997395016,147.50292940560226
35,12962.738711591102,411001.47950845,541.6710618290846,272.10386130215477,146.45933062671955
36,28047.307745259237,411009.81861083,540.0175590567608,270.5460326303594,145.41573184783684
37,29288.161078139787,411018.15771321,538.364056284437,268.988203958564,144.37213306895413
38,21813.258380157426,411026.49681558996,536.7105535121132,267.4303752867686,143.32853429007145
39,19672.913726734467,411034.83591796993,535.0570507397894,265.8725466149732,142.28493551118873
40,7969.842523853515,411043.1750203499,533.4035479674656,264.3147179431778,141.24133673230602
41,3809.993375713101,411051.5141227299,531.7500451951416,262.7568892713824,140.1977379534233
42,15321.507425558208,411059.85322510987,530.0965424228178,261.199060599587,139.1541391745406
43,56235.43556056165,411068.19232748984,528.443039650494,259.64123192779164,138.11054039565792
44,82874.98742963442,411076.5314298698,526.7895368781702,258.08340325599625,137.0669416167752
45,54800.47488534626,411084.8705322498,525.1360341058464,256.5255745842008,136.0233428378925
46,17861.162488393034,411093.2096346298,523.4825313335226,254.96774591240543,134.9797440590098
47,5115.148842217154,411101.54873700975,521.8290285611988,253.40991724061004,133.9361452801271
48,1858.6993845705865,411109.88783938973,520.175525788875,251.85208856881462,132.8925465012444
49,1907.9816072771202,411118.2269417697,518.5220230165512,250.29425989701923,131.8489477223617
50,2634.863565720474,411126.5660441497,516.8685202442273,248.73643122522384,130.80534894347898
51,3364.03566321969,411134.90514652967,515.2150174719035,247.17860255342845,129.7617501645963
52,4250.657433467082,411143.24424890964,513.5615146995797,245.62077388163306,128.71815138571358
53,6549.738355892322,411151.5833512896,511.90801192725587,244.06294520983766,127.67455260683087
54,14158.73114105398,411159.9224536696,510.25450915493207,242.50511653804224,126.63095382794816
55,20268.858844226408,411168.2615560496,508.60100638260826,240.94728786624685,125.58735504906547
56,35040.997501831655,411176.60065842955,506.94750361028446,239.38945919445146,124.54375627018275
57,55071.779405530004,411184.93976080953,505.2940008379606,237.83163052265607,123.50015749130006
58,79519.41508896931,411193.2788631895,503.6404980656368,236.27380185086068,122.45655871241735
59,68224.91039592157,411201.6179655695,501.986995293313,234.7159731790653,121.41295993353465
60,37286.316388174244,411209.95706794946,500.3334925209892,233.15814450726987,120.36936115465194
61,15187.514787859262,411218.29617032944,498.6799897486653,231.60031583547448,119.32576237576924
62,2.330995720750072e-19,411226.6352727094,497.0264869763415,230.04248716367908,118.28216359688653
63,4.908309333498419e-20,411234.9743750894,495.3729842040177,228.4846584918837,117.23856481800382
64,3.885710931301491e-21,411243.3134774694,493.7194814316939,226.9268298200883,116.19496603912113
65,1.6493043556909355e-21,411251.65257984935,492.0659786593701,225.3690011482929,115.15136726023843
66,2.032201254414424e-20,411259.99168222933,490.41247588704624,223.81117247649752,114.10776848135572
67,1.6389237166109563e-19,411268.3307846093,488.75897311472244,222.25334380470213,113.06416970247301
68,2.932896058714341e-19,411276.6698869893,487.10547034239863,220.6955151329067,112.02057092359031
69,0.01438432901960951,411285.00898936926,485.4519675700748,219.13768646111131,110.9769721447076
70,2745.2923558820703,411293.34809174924,483.79846479775097,217.57985778931592,109.9333733658249
71,10126.523062540515,411301.6871941292,482.14496202542716,216.02202911752053,108.8897745869422
72,25766.519883591558,411310.0262965092,480.49145925310336,214.46420044572514,107.8461758080595
73,40270.73404833686,411318.3653988892,478.83795648077955,212.90637177392972,106.80257702917679
74,33674.23666024438,411326.70450126915,477.18445370845575,211.34854310213433,105.75897825029409
75,13071.249749053162,411335.04360364913,475.5309509361319,209.79071443033894,104.71537947141138
76,586.6570289743618,411343.3827060291,473.8774481638081,208.23288575854355,103.67178069252867
77,4.1178517250231485e-19,411351.7218084091,472.2239453914843,206.67505708674815,102.62818191364597
78,2.078318499619536e-05,411360.06091078906,470.5704426191605,205.11722841495276,101.58458313476328
79,2192.730661929872,411368.40001316904,468.9169398468366,203.55939974315737,100.54098435588057
80,14242.484946931121,411376.739115549,467.2634370745128,202.00157107136198,99.49738557699786
81,33341.94616412178,411385.078217929,465.609934302189,200.44374239956656,98.45378679811516
82,923.4494770565357,411393.417320309,463.9564315298652,198.88591372777117,97.41018801923246
83,3.705073747058628e-19,411401.75642268895,462.3029287575414,197.32808505597578,96.36658924034975
84,3873.159142616408,411410.09552506893,460.64942598521753,195.77025638418039,95.32299046146704
85,18999.470978376034,411418.4346274489,458.99592321289373,194.21242771238497,94.27939168258433
86,41965.67070883851,411426.7737298289,457.3424204405699,192.65459904058957,93.23579290370164
87,57572.77585776121,411435.11283220886,455.6889176682461,191.09677036879418,92.19219412481894
88,43838.327209888455,411443.45193458884,454.03541489592226,189.5389416969988,91.14859534593623
89,12209.914422101614,411451.7910369688,452.38191212359845,187.9811130252034,90.10499656705352
90,5117.582672665188,411460.1301393488,450.72840935127465,186.423284353408,89.06139778817082
91,1851.7670364663998,411468.4692417288,449.07490657895084,184.86545568161262,88.01779900928813
92,3.659223868659607e-18,411476.80834410875,447.42140380662704,183.30762700981722,86.97420023040542
93,3.521878462934127e-18,411485.1474464887,445.7679010343032,181.74979833802183,85.9306014515227
94,153.09435304838877,411493.4865488687,444.1143982619794,180.1919696662264,84.88700267264001
95,9695.338366155505,411501.8256512487,442.46089548965557,178.63414099443102,83.84340389375731
96,27646.610374909622,411510.16475362866,440.8073927173317,177.07631232263563,82.7998051148746
97,69218.55798211996,411518.50385600864,439.1538899450079,175.5184836508402,81.75620633599189
98,53343.07658052163,411526.8429583886,437.5003871726841,173.96065497904482,80.71260755710918
99,22114.483568334592,411535.1820607686,435.8468844003603,172.40282630724943,79.66900877822648
100,7491.70942563652,411543.5211631486,434.1933816280365,170.84499763545404,78.62540999934379
101,1.4147589170233378e-05,411551.86026552855,432.5398788557127,169.28716896365864,77.58181122046108
102,5.65281925486059e-19,411560.1993679085,430.8863760833888,167.72934029186325,76.53821244157837
103,5.709338125204319e-19,411568.5384702885,429.232873311065,166.17151162006786,75.49461366269567
104,2179.0428779030603,411576.8775726685,427.5793705387412,164.61368294827247,74.45101488381297
105,12820.710562368575,411585.21667504846,425.92586776641735,163.05585427647708,73.40741610493026
106,30326.370516901774,411593.55577742844,424.27236499409355,161.4980256046817,72.36381732604755
107,23551.514586904206,411601.8948798084,422.61886222176975,159.94019693288627,71.32021854716486
108,16504.089886501388,411610.2339821884,420.96535944944594,158.38236826109087,70.27661976828216
109,10760.914958409412,411618.5730845684,419.31185667712214,156.82453958929548,69.23302098939945
110,7333.2749338226995,411626.91218694835,417.65835390479833,155.26671091750006,68.18942221051674
111,13467.528167235922,411635.2512893283,416.00485113247447,153.70888224570467,67.14582343163404
112,33873.15414129465,411643.5903917083,414.35134836015067,152.15105357390928,66.10222465275133
113,34467.4954966594,411651.9294940883,412.69784558782686,150.5932249021139,65.05862587386864
114,36542.139353747436,411660.26859646826,411.044342815503,149.0353962303185,64.01502709498592
115,29219.17294346937,411668.60769884824,409.3908400431792,147.4775675585231,62.971428316103214
116,12744.09884323988,411676.9468012282,407.7373372708554,145.9197388867277,61.92782953722052
117,1945.4271628712038,411685.2859036082,406.0838344985316,144.36191021493232,60.88423075833781
118,8.4945512332229935e-19,411693.6250059882,404.4303317262078,142.80408154313693,59.84063197945511
119,7.60752658481221e-23,411701.96410836815,402.7768289538839,141.24625287134154,58.7970332005724
120,0.0,411710.3032107481,401.1233261815601,139.68842419954612,57.753434421689704
121,0.0,411718.6423131281,399.4698234092363,138.13059552775073,56.70983564280699
122,0.0,411726.9814155081,397.8163206369125,136.57276685595534,55.6662368639243
123,0.0,411735.32051788806,396.16281786458865,135.01493818415992,54.62263808504159
124,0.0,411743.65962026804,394.50931509226484,133.45710951236453,53.57903930615889
125,0.0,411751.998722648,392.85581231994104,131.89928084056913,52.53544052727618
126,0.0,411760.337825028,391.20230954761723,130.34145216877374,51.49184174839348
127,0.0,411768.67692740797,389.54880677529343,128.78362349697835,50.44824296951077
128,0.0,411777.01602978795,387.8953040029696,127.22579482518296,49.40464419062806
129,0.0,411785.3551321679,386.24180123064576,125.66796615338755,48.361045411745366
130,0.0,411793.6942345479,384.58829845832196,124.11013748159216,47.317446632862655
131,0.0,411802.0333369279,382.9347956859981,122.55230880979677,46.27384785397996
132,4.34809305861097e-19,411810.37243930786,381.2812929136743,120.99448013800136,45.23024907509725
133,5.647483808020207e-19,411818.71154168784,379.6277901413505,119.43665146620597,44.18665029621455
134,480.53671960760164,411827.0506440678,377.9742873690267,117.87882279441058,43.14305151733184
135,8246.11600925349,411835.3897464478,376.3207845967029,116.32099412261519,42.099452738449145
136,42499.19915137252,411843.72884882777,374.6672818243791,114.7631654508198,41.055853959566434
137,13237.445755988207,411852.06795120775,373.01377905205527,113.20533677902438,40.01225518068374
138,4459.596360674112,411860.4070535877,371.3602762797314,111.64750810722899,38.96865640180103
139,15711.50735144238,411868.7461559677,369.7067735074076,110.0896794354336,37.92505762291833
140,13984.84073888382,411877.0852583477,368.05327073508374,108.5318507636382,36.88145884403562
141,32240.217274205046,411885.42436072766,366.39976796275994,106.97402209184281,35.83786006515291
142,30701.3831309074,411893.76346310764,364.74626519043613,105.41619342004742,34.79426128627021
143,5022.427028348291,411902.1025654876,363.09276241811233,103.85836474825203,33.7506625073875
144,19197.400570595863,411910.4416678676,361.4392596457885,102.30053607645661,32.70706372850481
145,33501.74683383526,411918.78077024757,359.7857568734647,100.74270740466122,31.663464949622096
146,35413.31629321739,411927.11987262755,358.1322541011409,99.18487873286583,30.6198661707394
147,25240.296253472072,411935.4589750075,356.47875132881705,97.62705006107043,29.57626739185669
148,5007.854865247925,411943.7980773875,354.82524855649325,96.06922138927504,28.532668612973993
149,9703.947421271616,411952.1371797675,353.1717457841694,94.51139271747965,27.489069834091282
150,8560.963074064293,411960.47628214746,351.5182430118456,92.95356404568423,26.445471055208586
151,11823.766703575575,411968.81538452744,349.8647402395218,91.39573537388884,25.401872276325875
152,38751.61475668879,411977.1544869074,348.211237467198,89.83790670209345,24.35827349744318
153,63510.14824476987,411985.4935892874,346.55773469487417,88.28007803029806,23.314674718560468
154,84704.31081838535,411993.83269166737,344.90423192255037,86.72224935850267,22.271075939677758
155,35253.411708860556,412002.17179404735,343.2507291502265,85.16442068670727,21.22747716079506
156,0.0,412010.5108964273,341.5972263779027,83.60659201491185,20.18387838191235
157,0.0,412018.8499988073,339.9437236055789,82.04876334311646,19.140279603029654
158,0.0,412027.1891011873,338.29022083325503,80.49093467132107,18.096680824146944
159,0.0,412035.52820356726,336.63671806093123,78.93310599952568,17.053082045264247
160,0.0,412043.86730594723,334.9832152886074,77.37527732773029,16.009483266381537
161,0.0,412052.2064083272,333.3297125162836,75.8174486559349,14.96588448749884
162,0.0,412060.5455107072,331.6762097439598,74.2596199841395,13.92228570861613
163,0.0,412068.88461308717,330.022706971636,72.70179131234408,12.878686929733433
164,0.0,412077.22371546715,328.36920419931215,71.1439626405487,11.835088150850723
165,0.0,412085.5628178471,326.71570142698835,69.5861339687533,10.791489371968012
166,0.0,412093.9019202271,325.0621986546645,68.02830529695791,9.747890593085316
167,0.0,412102.2410226071,323.4086958823407,66.47047662516252,8.704291814202605
168,0.0,412110.58012498706,321.7551931100169,64.91264795336713,7.660693035319909
169,0.0,412118.91922736703,320.10169033769307,63.35481928157171,6.617094256437198
170,0.0,412127.258329747,318.44818756536927,61.796990609776316,5.573495477554502
171,0.0,412135.597432127,316.79468479304546,60.239161937980924,4.5298966986717915
172,0.0,412143.93653450697,315.14118202072166,58.68133326618553,3.486297919789081
173,0.0,412152.27563688694,313.4876792483978,57.12350459439014,2.4426991409063987
174,2.1059889981778066e-26,412160.6147392669,311.834176476074,55.56567592259475,1.3991003620236881
175,7476.610902899429,412168.9538416469,310.18067370375013,54.00784725079936,0.3555015831409776
176,18460.570909867864,412177.2929440269,308.5271709314263,52.45001857900394,-0.688097195741733
177,18828.96094386975,412185.63204640686,306.8736681591025,50.89218990720855,-1.7316959746244152
178,5296.471579914315,412193.97114878683,305.2201653867787,49.334361235413155,-2.7752947535071257
179,4718.192546075466,412202.3102511668,303.5666626144549,47.776532563617764,-3.8188935323898363
180,21454.37701748225,412210.6493535468,301.9131598421311,46.21870389182237,-4.862492311272547
181,25799.11833341113,412218.98845592677,300.2596570698073,44.66087522002698,-5.9060910901552575
182,25467.069245742132,412227.32755830674,298.60615429748344,43.10304654823156,-6.94968986903794
183,8296.470418475257,412235.6666606867,296.95265152515964,41.54521787643617,-7.99328864792065
184,3.667782974115589e-19,412244.0057630667,295.2991487528358,39.98738920464078,-9.03688742680336
185,2.515892150823914e-19,412252.3448654467,293.645645980512,38.429560532845386,-10.080486205686071
186,7.143154208334489e-22,412260.68396782666,291.99214320818817,36.871731861049994,-11.124084984568753
187,3.319884544689995e-23,412269.02307020663,290.33864043586436,35.3139031892546,-12.167683763451464
188,1.1033927516106132,412277.3621725866,288.68513766354056,33.75607451745918,-13.211282542334175
189,108902.40216938245,412285.7012749666,287.03163489121675,32.19824584566379,-14.254881321216885
190,0.0,412294.04037734657,285.37813211889295,30.6404171738684,-15.298480100099596
191,0.0,412302.37947972654,283.7246293465691,29.08258850207301,-16.342078878982278
192,0.0,412310.7185821065,282.0711265742453,27.524759830277617,-17.38567765786499
193,1.3834655919437627e-23,412319.0576844865,280.4176238019214,25.966931158482225,-18.4292764367477
194,3.9999586209710916e-23,412327.3967868665,278.7641210295976,24.409102486686834,-19.47287521563041
195,5.910931443747144e-19,412335.73588924645,277.1106182572738,22.851273814891414,-20.516473994513092
196,1.468159777012446e-18,412344.07499162643,275.45711548495,21.293445143096022,-21.560072773395802
197,1.9458480470777483e-18,412352.4140940064,273.8036127126262,19.73561647130063,-22.603671552278513
198,1.0693615385266703e-21,412360.7531963864,272.1501099403024,18.17778779950524,-23.647270331161224
199,899.5045804605766,412369.09229876637,270.4966071679786,16.619959127709848,-24.690869110043906
200,24348.454384776334,412377.43140114634,268.84310439565473,15.062130455914456,-25.734467888926616
201,67325.94546195623,412385.7705035263,267.18960162333093,13.504301784119036,-26.778066667809327
202,18526.54711236101,412394.1096059063,265.53609885100707,11.946473112323645,-27.821665446692037
203,2.6193858923813847e-19,412402.4487082863,263.88259607868326,10.388644440528253,-28.865264225574748
204,1.5019356510962125e-25,412410.78781066625,262.22909330635946,8.830815768732862,-29.90886300445743
205,4.7685445277474764e-26,412419.12691304623,260.57559053403565,7.27298709693747,-30.95246178334014
206,5253.714911564926,412427.4660154262,258.92208776171185,5.715158425142079,-31.99606056222285
207,9628.465177460208,412435.8051178062,257.268584989388,4.157329753346687,-33.03965934110556
208,1536.2881965665476,412444.14422018616,255.61508221706418,2.599501081551267,-34.083258119988244
209,3.663953202554426e-18,412452.48332256614,253.96157944474038,1.0416724097558756,-35.126856898870955
210,2199.5243694522733,412460.8224249461,252.30807667241658,-0.5161562620395159,-36.170455677753665
211,46951.88769276257,412469.1615273261,250.65457390009277,-2.0739849338349075,-37.214054456636376
212,171904.86048971067,412477.5006297061,249.0010711277689,-3.631813605630299,-38.25765323551906
213,4.270787876504415e-22,412485.83973208605,247.3475683554451,-5.1896422774256905,-39.30125201440177
214,0.0,412494.17883446603,245.6940655831213,-6.7474709492211105,-40.34485079328448
215,4.57987829201033e-26,412502.517936846,244.0405628107975,-8.305299621016502,-41.38844957216719
216,1.0900614966936454e-22,412510.857039226,242.38706003847363,-9.863128292811894,-42.4320483510499
217,6640.399573301353,412519.19614160596,240.73355726614983,-11.420956964607285,-43.47564712993258
218,27734.593137586107,412527.53524398594,239.08005449382603,-12.978785636402677,-44.51924590881529
219,1.9176135981671336e-22,412535.8743463659,237.42655172150222,-14.536614308198068,-45.562844687698004
220,6.887633472313594e-24,412544.2134487459,235.77304894917842,-16.09444297999346,-46.606443466580714
221,58558.797803397894,412552.5525511259,234.11954617685456,-17.65227165178885,-47.650042245463396
222,0.0,412560.89165350585,232.46604340453075,-19.210100323584243,-48.69364102434611
223,0.0,412569.23075588583,230.81254063220695,-20.76792899537969,-49.73723980322882
224,0.0,412577.5698582658,229.15903785988314,-22.325757667175083,-50.78083858211153
225,0.0,412585.9089606458,227.50553508755928,-23.883586338970474,-51.82443736099421
226,0.0,412594.24806302576,225.85203231523548,-25.441415010765866,-52.86803613987692
227,0.0,412602.58716540574,224.19852954291167,-26.999243682561257,-53.91163491875963
228,0.0,412610.9262677857,222.54502677058787,-28.55707235435665,-54.95523369764234
229,0.0,412619.2653701657,220.89152399826406,-30.11490102615204,-55.99883247652505
230,0.0,412627.6044725457,219.2380212259402,-31.67272969794743,-57.042431255407735
231,0.0,412635.94357492565,217.5845184536164,-33.23055836974282,-58.086030034290445
232,0.0,412644.28267730563,215.9310156812926,-34.788387041538215,-59.129628813173156
233,0.0,412652.6217796856,214.2775129089688,-36.346215713333606,-60.173227592055866
234,7210.123194087449,412660.9608820656,212.62401013664493,-37.904044385129,-61.21682637093855
235,8265.11999438436,412669.29998444556,210.97050736432112,-39.46187305692439,-62.26042514982126
236,2769.43738981101,412677.63908682554,209.31700459199732,-41.01970172871984,-63.30402392870397
237,49223.720636780425,412685.9781892055,207.6635018196735,-42.57753040051523,-64.34762270758668
238,0.0,412694.3172915855,206.00999904734965,-44.13535907231062,-65.39122148646936
239,1.0609058841924131e-19,412702.6563939655,204.35649627502585,-45.69318774410601,-66.43482026535207
240,21507.26749995895,412710.99549634545,202.70299350270204,-47.251016415901404,-67.47841904423478
241,23146.03198078997,412719.3345987254,201.04949073037824,-48.808845087696795,-68.5220178231175
242,3.153103082540275e-24,412727.6737011054,199.39598795805443,-50.36667375949219,-69.5656166020002
243,36687.45781500922,412736.0128034854,197.74248518573057,-51.92450243128758,-70.60921538088289
244,14654.463797741828,412744.35190586536,196.08898241340677,-53.48233110308297,-71.6528141597656
245,1.3720532226917782e-55,412752.69100824534,194.43547964108296,-55.04015977487836,-72.69641293864831
246,102043.92169226237,412761.0301106253,192.78197686875916,-56.59798844667375,-73.74001171753102
247,6964.896357875332,412769.3692130053,191.1284740964353,-58.155817118469145,-74.7836104964137
248,0.0,412777.7083153853,189.4749713241115,-59.713645790264536,-75.82720927529641
249,0.0,412786.04741776525,187.8214685517877,-61.271474462059984,-76.87080805417912
250,1.2367549334928064e-24,412794.3865201452,186.16796577946388,-62.829303133855376,-77.91440683306183
251,303638.26356101315,412802.7256225252,184.51446300714008,-64.38713180565077,-78.95800561194451
252,61580.14334215576,412811.0647249052,182.86096023481622,-65.94496047744616,-80.00160439082723
253,1.3358535913905028e-22,412819.40382728516,181.2074574624924,-67.50278914924155,-81.04520316970994
254,3.9879966699508034e-25,412827.74292966514,179.5539546901686,-69.06061782103694,-82.08880194859265
255,162281.78623569227,412836.0820320451,177.9004519178448,-70.61844649283233,-83.13240072747536
256,1241035.484493407,412844.4211344251,176.24694914552094,-72.17627516462773,-84.17599950635804
257,0.0,412852.7602368051,174.59344637319714,-73.73410383642312,-85.21959828524075
258,0.0,412861.09933918505,172.93994360087333,-75.29193250821851,-86.26319706412346
259,0.0,412869.438441565,171.28644082854953,-76.8497611800139,-87.30679584300617
260,0.0,412877.777543945,169.63293805622573,-78.40758985180929,-88.35039462188885
261,0.0,412886.116646325,167.97943528390186,-79.96541852360468,-89.39399340077156
262,0.0,412894.45574870496,166.32593251157806,-81.52324719540013,-90.43759217965427
263,0.0,412902.79485108494,164.67242973925426,-83.08107586719552,-91.48119095853698
264,0.0,412911.1339534649,163.01892696693045,-84.63890453899091,-92.52478973741967
265,0.0,412919.4730558449,161.3654241946066,-86.1967332107863,-93.56838851630238
266,0.0,412927.8121582249,159.71192142228278,-87.7545618825817,-94.61198729518509
267,0.0,412936.15126060485,158.05841864995898,-89.31239055437709,-95.6555860740678
268,0.0,412944.4903629848,156.40491587763518,-90.87021922617248,-96.69918485295051
269,0.0,412952.8294653648,154.75141310531131,-92.42804789796787,-97.74278363183319
270,2.078306137078016,412961.1685677448,153.0979103329875,-93.98587656976326,-98.7863824107159
271,49631.19615622875,412969.50767012476,151.4444075606637,-95.54370524155865,-99.82998118959861
272,56914.84780181944,412977.84677250474,149.7909047883399,-97.10153391335405,-100.87357996848132
273,58115.008461280006,412986.1858748847,148.1374020160161,-98.65936258514944,-101.917178747364
274,38751.52698170099,412994.5249772647,146.48389924369224,-100.21719125694483,-102.96077752624672
275,21131.866070586257,413002.86407964467,144.83039647136843,-101.77501992874028,-104.00437630512943
276,11773.167733389366,413011.20318202465,143.17689369904463,-103.33284860053567,-105.04797508401214
277,7302.9856698973645,413019.5422844046,141.52339092672082,-104.89067727233106,-106.09157386289482
278,4171.623170187184,413027.8813867846,139.86988815439696,-106.44850594412645,-107.13517264177753
279,2341.850912310539,413036.2204891646,138.21638538207316,-108.00633461592184,-108.17877142066024
280,1278.4542903443114,413044.55959154456,136.56288260974935,-109.56416328771724,-109.22237019954295
281,1109.0967063540486,413052.89869392454,134.90937983742555,-111.12199195951263,-110.26596897842566
282,918.4191349015517,413061.2377963045,133.25587706510174,-112.67982063130802,-111.30956775730834
283,5502.673766358889,413069.5768986845,131.60237429277788,-114.23764930310341,-112.35316653619105
284,23116.37591045752,413077.91600106447,129.94887152045408,-115.7954779748988,-113.39676531507376
285,9.500246497890323e-19,413086.25510344445,128.29536874813027,-117.3533066466942,-114.44036409395648
286,8.33667981577225e-19,413094.5942058244,126.64186597580647,-118.91113531848958,-115.48396287283916
287,1960.118831114397,413102.9333082044,124.9883632034826,-120.46896399028503,-116.52756165172187
288,73609.91647067874,413111.2724105844,123.3348604311588,-122.02679266208042,-117.57116043060458
289,41667.894458519906,413119.61151296436,121.681357658835,-123.58462133387582,-118.61475920948729
290,1.737358462010495e-18,413127.95061534434,120.0278548865112,-125.14245000567121,-119.65835798836997
291,0.0,413136.2897177243,118.37435211418739,-126.7002786774666,-120.70195676725268
292,0.0,413144.6288201043,116.72084934186353,-128.258107349262,-121.74555554613539
293,2.233079192948852e-23,413152.96792248427,115.06734656953972,-129.81593602105738,-122.7891543250181
294,2606.5026596317352,413161.30702486425,113.41384379721592,-131.37376469285277,-123.83275310390081
295,25440.743148368227,413169.6461272442,111.76034102489211,-132.93159336464817,-124.87635188278352
296,20698.449407569242,413177.9852296242,110.10683825256825,-134.48942203644356,-125.91995066166623
297,11545.776855883367,413186.3243320042,108.45333548024445,-136.04725070823895,-126.96354944054889
298,2206.594462843318,413194.66343438416,106.79983270792064,-137.60507938003434,-128.0071482194316
299,28704.924951901536,413203.00253676414,105.14632993559684,-139.16290805182973,-129.0507469983143
300,8480.71995103689,413211.3416391441,103.49282716327298,-140.72073672362518,-130.09434577719702
301,1137.3384334681505,413219.6807415241,101.83932439094917,-142.27856539542057,-131.13794455607973
302,1.4346212763233833e-18,413228.01984390407,100.18582161862537,-143.83639406721596,-132.18154333496244
303,1.6570964944465997e-19,413236.35894628405,98.53231884630156,-145.39422273901135,-133.22514211384515
304,73016.37758610948,413244.698048664,96.87881607397776,-146.95205141080675,-134.26874089272786
305,9793.524827011237,413253.037151044,95.2253133016539,-148.50988008260214,-135.31233967161057
306,3.982963595829193e-22,413261.376253424,93.5718105293301,-150.06770875439753,-136.35593845049323
307,1.7879852350940678e-26,413269.71535580396,91.91830775700629,-151.62553742619292,-137.39953722937594
308,3.340365108579694e-24,413278.05445818393,90.26480498468248,-153.1833660979883,-138.44313600825865
309,593.958215350915,413286.3935605639,88.61130221235862,-154.7411947697837,-139.48673478714136
310,35234.46630571206,413294.7326629439,86.95779944003482,-156.2990234415791,-140.53033356602407
311,29477.81730507677,413303.07176532387,85.30429666771101,-157.8568521133745,-141.57393234490678
312,36126.7669166235,413311.41086770385,83.65079389538721,-159.41468078516988,-142.6175311237895
313,11262.170886092415,413319.7499700838,81.9972911230634,-160.97250945696533,-143.6611299026722
314,0.0,413328.0890724638,80.34378835073954,-162.53033812876072,-144.70472868155485
315,0.0,413336.4281748438,78.69028557841574,-164.0881668005561,-145.74832746043757
316,0.0,413344.76727722376,77.03678280609194,-165.6459954723515,-146.79192623932028
317,0.0,413353.10637960373,75.38328003376813,-167.2038241441469,-147.835525018203
318,0.0,413361.4454819837,73.72977726144427,-168.76165281594228,-148.8791237970857
319,0.0,413369.7845843637,72.07627448912046,-170.31948148773768,-149.9227225759684
320,0.0,413378.12368674367,70.42277171679666,-171.87731015953307,-150.96632135485112
321,0.0,413386.46278912365,68.76926894447286,-173.43513883132846,-152.00992013373383
322,0.0,413394.8018915036,67.11576617214905,-174.99296750312385,-153.05351891261654
323,0.0,413403.1409938836,65.46226339982519,-176.55079617491924,-154.0971176914992
324,0.0,413411.4800962636,63.808760627501385,-178.10862484671463,-155.1407164703819
325,0.0,413419.81919864356,62.15525785517758,-179.66645351851002,-156.1843152492646
326,0.0,413428.15830102353,60.50175508285378,-181.22428219030547,-157.22791402814732
327,3892.843634866214,413436.4974034035,58.848252310529915,-182.78211086210086,-158.27151280703004
328,29298.86727654022,413444.8365057835,57.19474953820611,-184.33993953389626,-159.31511158591275
329,19629.580497484487,413453.17560816347,55.541246765882306,-185.89776820569165,-160.35871036479546
330,3805.5962765036925,413461.51471054344,53.8877439935585,-187.45559687748704,-161.40230914367817
331,13421.256880316887,413469.8538129234,52.23424122123464,-189.01342554928243,-162.44590792256088
332,38780.0624600586,413478.1929153034,50.580738448910836,-190.57125422107782,-163.48950670144353
333,21034.95189126572,413486.5320176834,48.92723567658703,-192.1290828928732,-164.53310548032624
334,5661.787091702601,413494.87112006336,47.27373290426323,-193.6869115646686,-165.57670425920895
335,10472.497991237502,413503.21022244333,45.62023013193942,-195.244740236464,-166.62030303809166
336,19888.19406043458,413511.5493248233,43.96672735961556,-196.8025689082594,-167.66390181697437
337,23339.93004674925,413519.8884272033,42.31322458729176,-198.36039758005478,-168.70750059585708
338,16283.66226571208,413528.22752958327,40.65972181496795,-199.91822625185023,-169.7510993747398
339,8767.377082438292,413536.56663196324,39.00621904264415,-201.47605492364562,-170.7946981536225
340,10157.949430668381,413544.9057343432,37.352716270320286,-203.033883595441,-171.83829693250516
341,33358.55101310142,413553.2448367232,35.69921349799648,-204.5917122672364,-172.88189571138787
342,35762.09763151866,413561.5839391032,34.04571072567268,-206.1495409390318,-173.92549449027058
343,7447.136444583403,413569.92304148315,32.39220795334887,-207.7073696108272,-174.9690932691533
344,1985.431878352095,413578.26214386313,30.738705181025068,-209.26519828262258,-176.012692048036
345,2752.6270410596762,413586.6012462431,29.085202408701207,-210.82302695441797,-177.0562908269187
346,21743.494530948134,413594.9403486231,27.431699636377402,-212.38085562621336,-178.09988960580142
347,55384.946861664735,413603.27945100307,25.778196864053598,-213.93868429800875,-179.14348838468413
348,38714.64485912039,413611.61855338304,24.124694091729793,-215.49651296980414,-180.18708716356684
349,2410.900272649497,413619.957655763,22.471191319405932,-217.05434164159954,-181.2306859424495
350,0.0,413628.296758143,20.817688547082128,-218.61217031339493,-182.2742847213322
351,0.0,413636.635860523,19.164185774758323,-220.16999898519038,-183.31788350021492
352,0.0,413644.97496290295,17.51068300243452,-221.72782765698577,-184.36148227909763
353,0.0,413653.31406528293,15.857180230110714,-223.28565632878116,-185.40508105798034
354,0.0,413661.6531676629,14.203677457786853,-224.84348500057655,-186.44867983686305
355,0.0,413669.9922700429,12.550174685463048,-226.40131367237194,-187.49227861574576
356,0.0,413678.33137242286,10.896671913139244,-227.95914234416733,-188.53587739462847
357,0.0,413686.67047480284,9.24316914081544,-229.51697101596272,-189.57947617351118
358,0.0,413695.0095771828,7.589666368491578,-231.07479968775812,-190.62307495239384
359,0.0,413703.3486795628,5.93616359616783,-232.6326283595535,-191.66667373127655
360,0.0,413711.6877819428,4.282660823843912,-234.1904570313489,-192.71027251015926
361,0.0,413720.02688432275,2.6291580515201076,-235.7482857031443,-193.75387128904197
362,0.0,413728.36598670273,0.9756552791963031,-237.30611437493968,-194.79747006792468
363,0.0,413736.7050890827,-0.6778474931275014,-238.86394304673507,-195.8410688468074
364,0.0,413745.0441914627,-2.331350265451306,-240.42177171853052,-196.8846676256901
365,0.0,413753.38329384266,-3.9848530377751104,-241.9796003903259,-197.9282664045728
366,0.0,413761.72239622264,-5.638355810098915,-243.5374290621213,-198.97186518345546
367,0.0,413770.0614986026,-7.291858582422719,-245.0952577339167,-200.01546396233817
368,0.0,413778.4006009826,-8.945361354746524,-246.6530864057121,-201.05906274122088
369,0.0,413786.7397033626,-10.598864127070442,-248.21091507750748,-202.1026615201036
370,0.0,413795.07880574255,-12.252366899394247,-249.76874374930287,-203.1462602989863
371,0.0,413803.41790812253,-13.905869671718051,-251.32657242109826,-204.18985907786902
372,5.255568022866194e-20,413811.7570105025,-15.559372444041855,-252.88440109289365,-205.23345785675173
373,16353.073765105803,413820.0961128825,-17.21287521636566,-254.44222976468905,-206.27705663563444
374,44456.66976603627,413828.43521526246,-18.866377988689464,-256.00005843648444,-207.32065541451715
375,1289.9194767287586,413836.77431764244,-20.51988076101327,-257.55788710827983,-208.3642541933998
376,8319.805457550172,413845.1134200224,-22.173383533337073,-259.1157157800752,-209.4078529722825
377,1109.054792531104,413853.4525224024,-23.826886305660878,-260.67354445187067,-210.45145175116522
378,49839.56706900535,413861.7916247824,-25.480389077984796,-262.23137312366606,-211.49505053004793
379,19341.49646505684,413870.13072716235,-27.1338918503086,-263.78920179546145,-212.53864930893064
380,4865.710317675569,413878.46982954233,-28.787394622632405,-265.34703046725684,-213.58224808781335
381,2284.023216727972,413886.8089319223,-30.44089739495621,-266.90485913905223,-214.62584686669607
382,217.22836407484044,413895.1480343023,-32.094400167280014,-268.4626878108476,-215.66944564557878
383,11134.914294905499,413903.48713668226,-33.74790293960382,-270.020516482643,-216.7130444244615
384,14495.155750614715,413911.82623906224,-35.40140571192762,-271.5783451544384,-217.75664320334414
385,6853.233859370696,413920.1653414422,-37.05490848425143,-273.1361738262338,-218.80024198222685
386,11609.166007457818,413928.5044438222,-38.70841125657523,-274.6940024980292,-219.84384076110956
387,32546.1793191912,413936.8435462022,-40.36191402889915,-276.2518311698246,-220.88743953999227
388,6527.40271810162,413945.18264858215,-42.015416801222955,-277.80965984162,-221.93103831887498
389,938.5043465910305,413953.5217509621,-43.66891957354676,-279.36748851341537,-222.9746370977577
390,3739.0199561738937,413961.8608533421,-45.322422345870564,-280.92531718521076,-224.0182358766404
391,8059.339536184135,413970.1999557221,-46.97592511819437,-282.48314585700615,-225.0618346555231
392,35121.61520771859,413978.53905810206,-48.62942789051817,-284.04097452880154,-226.10543343440582
393,28139.81885577195,413986.87816048204,-50.28293066284198,-285.59880320059693,-227.14903221328848
394,11240.90639881731,413995.217262862,-51.93643343516578,-287.1566318723923,-228.1926309921712
395,5215.819594511901,414003.556365242,-53.589936207489586,-288.7144605441877,-229.2362297710539
396,8734.18216214936,414011.895467622,-55.243438979813504,-290.2722892159832,-230.2798285499366
397,14550.25281356174,414020.23457000195,-56.89694175213731,-291.8301178877786,-231.32342732881932
398,10658.661232056462,414028.5736723819,-58.55044452446111,-293.387946559574,-232.36702610770203
399,5549.511880481774,414036.9127747619,-60.20394729678492,-294.9457752313694,-233.41062488658474
400,5655.327845379703,414045.2518771419,-61.85745006910872,-296.5036039031648,-234.45422366546745
401,7441.930317565437,414053.59097952186,-63.51095284143253,-298.0614325749602,-235.4978224443501
402,10993.33758344159,414061.93008190184,-65.16445561375633,-299.61926124675557,-236.54142122323282
403,21610.765321013718,414070.2691842818,-66.81795838608014,-301.17708991855096,-237.58502000211553
404,15560.521010592904,414078.6082866618,-68.47146115840394,-302.73491859034635,-238.62861878099824
405,3849.7982115131526,414086.9473890418,-70.12496393072786,-304.29274726214175,-239.67221755988095
406,134.61960670673483,414095.28649142175,-71.77846670305166,-305.85057593393714,-240.71581633876366
407,0.0,414103.6255938017,-73.43196947537547,-307.4084046057325,-241.75941511764637
408,0.0,414111.9646961817,-75.08547224769927,-308.9662332775279,-242.80301389652908
409,0.0,414120.3037985617,-76.73897502002308,-310.5240619493233,-243.8466126754118
410,0.0,414128.64290094166,-78.39247779234688,-312.0818906211187,-244.89021145429444
411,0.0,414136.98200332164,-80.04598056467069,-313.6397192929141,-245.93381023317716
412,0.0,414145.3211057016,-81.69948333699449,-315.1975479647095,-246.97740901205987
413,0.0,414153.6602080816,-83.35298610931841,-316.7553766365049,-248.02100779094258
414,0.0,414161.9993104616,-85.00648888164221,-318.31320530830027,-249.0646065698253
415,0.0,414170.33841284155,-86.65999165396602,-319.87103398009566,-250.108205348708
416,0.0,414178.6775152215,-88.31349442628982,-321.42886265189105,-251.1518041275907
417,0.0,414187.0166176015,-89.96699719861363,-322.98669132368644,-252.19540290647342
418,514.0108208843302,414195.3557199815,-91.62049997093743,-324.54451999548183,-253.23900168535613
419,5685.192914393156,414203.69482236146,-93.27400274326124,-326.1023486672772,-254.28260046423878
420,12582.732205039034,414212.03392474144,-94.92750551558504,-327.6601773390726,-255.3261992431215
421,6066.152445409191,414220.3730271214,-96.58100828790884,-329.2180060108681,-256.3697980220042
422,762.0184152155963,414228.7121295014,-98.23451106023276,-330.7758346826635,-257.4133968008869
423,12772.97632063113,414237.05123188137,-99.88801383255657,-332.3336633544589,-258.4569955797696
424,9376.136947699431,414245.39033426135,-101.54151660488037,-333.8914920262543,-259.50059435865234
425,12742.542491472366,414253.7294366413,-103.19501937720418,-335.4493206980497,-260.54419313753505
426,7755.005772307598,414262.0685390213,-104.84852214952798,-337.0071493698451,-261.58779191641776
427,6775.146844095949,414270.4076414013,-106.50202492185178,-338.5649780416405,-262.6313906953004
428,7364.040606271807,414278.74674378126,-108.15552769417559,-340.12280671343586,-263.6749894741831
429,12951.06213708235,414287.08584616124,-109.8090304664994,-341.68063538523126,-264.71858825306583
430,23141.219164266422,414295.4249485412,-111.4625332388232,-343.23846405702665,-265.76218703194854
431,24511.287374980813,414303.7640509212,-113.11603601114712,-344.79629272882204,-266.80578581083125
432,40268.976243245044,414312.10315330117,-114.76953878347092,-346.35412140061743,-267.84938458971396
433,34828.42305079547,414320.44225568115,-116.42304155579473,-347.9119500724128,-268.8929833685967
434,22538.64407748285,414328.7813580611,-118.07654432811853,-349.4697787442082,-269.9365821474794
435,5526.5992938986,414337.1204604411,-119.73004710044233,-351.0276074160036,-270.9801809263621
436,7638.872240646881,414345.4595628211,-121.38354987276614,-352.585436087799,-272.02377970524475
437,16013.806986923755,414353.79866520106,-123.03705264508994,-354.1432647595944,-273.06737848412746
438,27581.659529672776,414362.13776758104,-124.69055541741375,-355.7010934313898,-274.11097726301017
439,25246.219130024256,414370.476869961,-126.34405818973755,-357.25892210318517,-275.1545760418929
440,29575.767674181556,414378.815972341,-127.99756096206147,-358.81675077498056,-276.1981748207756
441,53040.3800459124,414387.15507472097,-129.65106373438527,-360.37457944677595,-277.2417735996583
442,43193.31450793436,414395.49417710095,-131.30456650670908,-361.93240811857135,-278.285372378541
443,23376.1959769209,414403.8332794809,-132.95806927903288,-363.49023679036674,-279.3289711574237
444,1344.1371411952537,414412.1723818609,-134.6115720513567,-365.0480654621621,-280.37256993630643
445,0.0,414420.5114842409,-136.2650748236805,-366.6058941339575,-281.4161687151891
446,0.0,414428.85058662086,-137.9185775960043,-368.1637228057529,-282.4597674940718
447,0.0,414437.18968900084,-139.5720803683281,-369.7215514775484,-283.5033662729545
448,0.0,414445.5287913808,-141.2255831406519,-371.2793801493438,-284.5469650518372
449,0.0,414453.8678937608,-142.87908591297582,-372.8372088211392,-285.59056383071993
450,0.0,414462.20699614077,-144.53258868529963,-374.3950374929346,-286.63416260960264
451,0.0,414470.54609852075,-146.18609145762343,-375.95286616473,-287.67776138848535
452,0.0,414478.8852009007,-147.83959422994724,-377.5106948365254,-288.72136016736806
453,0.0,414487.2243032807,-149.49309700227104,-379.06852350832077,-289.7649589462507
454,0.0,414495.5634056607,-151.14659977459485,-380.62635218011616,-290.8085577251334
455,0.0,414503.90250804066,-152.80010254691865,-382.18418085191155,-291.85215650401614
456,0.0,414512.24161042063,-154.45360531924246,-383.74200952370694,-292.89575528289885
457,0.0,414520.5807128006,-156.10710809156626,-385.29983819550233,-293.93935406178156
458,0.0,414528.9198151806,-157.76061086389018,-386.8576668672977,-294.98295284066427
459,0.0,414537.25891756057,-159.41411363621398,-388.4154955390931,-296.026551619547
460,0.0,414545.59801994055,-161.0676164085378,-389.9733242108885,-297.0701503984297
461,0.0,414553.9371223205,-162.7211191808616,-391.5311528826839,-298.1137491773124
462,0.0,414562.2762247005,-164.3746219531854,-393.0889815544793,-299.15734795619505
463,0.0,414570.6153270805,-166.0281247255092,-394.6468102262747,-300.20094673507776
464,0.0,414578.95442946046,-167.681627497833,-396.2046388980701,-301.2445455139605
465,0.0,414587.29353184043,-169.3351302701568,-397.76246756986546,-302.2881442928432
466,0.0,414595.6326342204,-170.98863304248061,-399.32029624166086,-303.3317430717259
467,0.0,414603.9717366004,-172.64213581480453,-400.87812491345625,-304.3753418506086
468,0.0,414612.31083898037,-174.29563858712834,-402.43595358525164,-305.4189406294913
469,11164.787668720195,414620.64994136035,-175.94914135945214,-403.99378225704703,-306.462539408374
470,56054.10565104467,414628.9890437403,-177.60264413177595,-405.5516109288424,-307.50613818725674
471,3616.9253739092696,414637.3281461203,-179.25614690409975,-407.1094396006378,-308.5497369661394
472,0.0,414645.6672485003,-180.90964967642356,-408.6672682724333,-309.5933357450221
473,8631.146610739164,414654.00635088026,-182.56315244874736,-410.2250969442287,-310.6369345239048
474,15665.272242700243,414662.34545326023,-184.21665522107116,-411.7829256160241,-311.6805333027875
475,7051.958748323503,414670.6845556402,-185.87015799339508,-413.3407542878195,-312.72413208167023
476,3765.8867090954554,414679.0236580202,-187.5236607657189,-414.8985829596149,-313.76773086055294
477,5845.201429255256,414687.36276040017,-189.1771635380427,-416.4564116314103,-314.81132963943566
478,26391.11227115595,414695.70186278014,-190.8306663103665,-418.01424030320567,-315.85492841831837
479,1709.762596447838,414704.0409651601,-192.4841690826903,-419.57206897500106,-316.898527197201
480,5.099375022190808e-05,414712.3800675401,-194.1376718550141,-421.12989764679645,-317.94212597608373
481,35840.98928728877,414720.7191699201,-195.7911746273379,-422.68772631859184,-318.98572475496644
482,80528.09251458874,414729.05827230006,-197.4446773996617,-424.24555499038723,-320.02932353384915
483,16144.282758752399,414737.39737468003,-199.09818017198552,-425.8033836621826,-321.07292231273186
484,957.5573252544993,414745.73647706,-200.75168294430944,-427.361212333978,-322.1165210916146
485,3525.5629647187257,414754.07557944,-202.40518571663324,-428.9190410057734,-323.1601198704973
486,47429.52166505722,414762.41468181997,-204.05868848895705,-430.4768696775688,-324.20371864938
487,0.0,414770.75378419994,-205.71219126128085,-432.0346983493642,-325.2473174282627
488,14133.783084531811,414779.0928865799,-207.36569403360465,-433.5925270211596,-326.29091620714536
489,17046.47872081848,414787.4319889599,-209.01919680592846,-435.150355692955,-327.33451498602807
490,0.0,414795.7710913399,-210.67269957825226,-436.70818436475037,-328.3781137649108
491,0.0,414804.11019371985,-212.32620235057607,-438.26601303654576,-329.4217125437935
492,0.0,414812.44929609983,-213.97970512289987,-439.82384170834115,-330.4653113226762
493,0.0,414820.7883984798,-215.6332078952238,-441.38167038013654,-331.5089101015589
494,0.0,414829.1275008598,-217.2867106675476,-442.93949905193193,-332.5525088804416
495,0.0,414837.46660323977,-218.9402134398714,-444.4973277237273,-333.59610765932433
496,0.0,414845.80570561974,-220.5937162121952,-446.0551563955227,-334.63970643820704
497,0.0,414854.1448079997,-222.247218984519,-447.6129850673181,-335.6833052170897
498,0.0,414862.4839103797,-223.9007217568428,-449.1708137391136,-336.7269039959724
499,0.0,414870.8230127597,-225.55422452916662,-450.728642410909,-337.7705027748551
500,0.0,414879.16211513965,-227.20772730149042,-452.2864710827044,-338.8141015537378
501,0.0,414887.50121751963,-228.86123007381423,-453.8442997544998,-339.85770033262054
502,0.0,414895.8403198996,-230.51473284613814,-455.4021284262952,-340.90129911150325
503,0.0,414904.1794222796,-232.16823561846195,-456.95995709809057,-341.94489789038596
504,0.0,414912.51852465956,-233.82173839078575,-458.51778576988596,-342.98849666926867
505,0.0,414920.85762703954,-235.47524116310956,-460.07561444168135,-344.0320954481514
506,0.0,414929.1967294195,-237.12874393543336,-461.63344311347674,-345.07569422703403
507,0.0,414937.5358317995,-238.78224670775717,-463.19127178527214,-346.11929300591675
508,0.0,414945.8749341795,-240.43574948008097,-464.7491004570675,-347.16289178479946
509,0.0,414954.21403655945,-242.08925225240478,-466.3069291288629,-348.20649056368217
510,1.2505279583179955e-21,414962.55313893943,-243.74275502472858,-467.8647578006583,-349.2500893425649
511,8884.64211903692,414970.8922413194,-245.3962577970525,-469.4225864724537,-350.2936881214476
512,18823.43045216626,414979.2313436994,-247.0497605693763,-470.9804151442491,-351.3372869003303
513,15290.7438420551,414987.57044607936,-248.7032633417001,-472.5382438160445,-352.380885679213
514,15570.676512087037,414995.90954845934,-250.3567661140239,-474.0960724878399,-353.42448445809566
515,20721.636453262898,415004.2486508393,-252.01026888634772,-475.65390115963527,-354.4680832369784
516,11235.171948662204,415012.5877532193,-253.66377165867152,-477.21172983143066,-355.5116820158611
517,15493.908513037,415020.9268555993,-255.31727443099533,-478.76955850322605,-356.5552807947438
518,11045.574180653664,415029.26595797925,-256.97077720331913,-480.32738717502144,-357.5988795736265
519,5459.728525426612,415037.60506035923,-258.62427997564293,-481.88521584681683,-358.6424783525092
520,13731.598224987854,415045.9441627392,-260.27778274796685,-483.4430445186122,-359.6860771313919
521,11523.23910412551,415054.2832651192,-261.93128552029066,-485.0008731904076,-360.72967591027464
522,13374.966086859056,415062.62236749916,-263.58478829261446,-486.558701862203,-361.77327468915735
523,4352.567360053176,415070.96146987914,-265.23829106493827,-488.1165305339985,-362.81687346804
524,4690.603543653456,415079.3005722591,-266.89179383726207,-489.6743592057939,-363.8604722469227
525,11007.754170741,415087.6396746391,-268.5452966095859,-491.2321878775893,-364.9040710258054
526,7102.617940772068,415095.9787770191,-270.1987993819097,-492.7900165493847,-365.94766980468813
527,19749.106289845207,415104.31787939905,-271.8523021542335,-494.3478452211801,-366.99126858357084
528,16901.47741571593,415112.65698177903,-273.5058049265573,-495.90567389297547,-368.03486736245355
529,1958.7700882947645,415120.996084159,-275.1593076988812,-497.46350256477086,-369.07846614133626
530,1.1625971334653052e-21,415129.335186539,-276.812810471205,-499.02133123656625,-370.122064920219
531,3.8918846677969626e-19,415137.67428891896,-278.4663132435288,-500.57915990836165,-371.1656636991017
532,38011.17068184848,415146.01339129894,-280.1198160158526,-502.13698858015704,-372.20926247798434
533,47452.64205115095,415154.3524936789,-281.7733187881764,-503.69481725195243,-373.25286125686705
534,2081.169986930999,415162.6915960589,-283.42682156050023,-505.2526459237478,-374.29646003574976
535,0.003995338400860637,415171.0306984389,-285.08032433282403,-506.8104745955432,-375.34005881463247
536,10958.97951535272,415179.36980081885,-286.73382710514784,-508.3683032673386,-376.3836575935152
537,15958.420905864825,415187.7089031988,-288.38732987747176,-509.926131939134,-377.4272563723979
538,21.449745289082628,415196.0480055788,-290.04083264979556,-511.4839606109294,-378.4708551512806
539,1.9004828809218545e-18,415204.3871079588,-291.69433542211937,-513.0417892827247,-379.5144539301633
540,13696.280481014055,415212.72621033876,-293.34783819444317,-514.5996179545202,-380.55805270904597
541,20771.145286626488,415221.06531271874,-295.001340966767,-516.1574466263155,-381.6016514879287
542,9992.906156450901,415229.4044150987,-296.6548437390908,-517.715275298111,-382.6452502668114
543,758.1297254502862,415237.7435174787,-298.3083465114146,-519.2731039699063,-383.6888490456941
544,1.2337351921861484e-21,415246.0826198587,-299.9618492837384,-520.8309326417018,-384.7324478245768
545,2.0914722063380862e-20,415254.42172223865,-301.6153520560622,-522.3887613134971,-385.7760466034595
546,8.388452038956551e-19,415262.7608246186,-303.2688548283861,-523.9465899852926,-386.81964538234223
547,4.440098874426492e-19,415271.0999269986,-304.9223576007099,-525.5044186570879,-387.86324416122494
548,4.0759774824496937e-19,415279.4390293786,-306.5758603730337,-527.0622473288834,-388.90684294010765
549,1.7755801970872607e-18,415287.77813175856,-308.2293631453575,-528.6200760006789,-389.95044171899036
550,152.4767333611249,415296.11723413854,-309.88286591768133,-530.1779046724741,-390.9940404978731
551,1.3595284667105951e-18,415304.4563365185,-311.53636869000513,-531.7357333442696,-392.0376392767558
552,5.581730346441003e-19,415312.7954388985,-313.18987146232894,-533.2935620160649,-393.0812380556385
553,4369.29304852276,415321.1345412785,-314.84337423465274,-534.8513906878604,-394.1248368345211
554,36052.4892361869,415329.47364365845,-316.49687700697655,-536.4092193596557,-395.1684356134038
555,63227.74647511318,415337.8127460384,-318.15037977930047,-537.9670480314512,-396.2120343922865
556,46526.155280789935,415346.1518484184,-319.80388255162427,-539.5248767032465,-397.2556331711692
557,15639.344762622835,415354.4909507984,-321.4573853239481,-541.082705375042,-398.29923195005193
558,1752.4068315261497,415362.83005317836,-323.1108880962719,-542.6405340468373,-399.34283072893464
559,5.612349392937649e-22,415371.16915555834,-324.7643908685957,-544.1983627186328,-400.38642950781735
560,3.1174506430464576e-22,415379.5082579383,-326.4178936409195,-545.7561913904281,-401.43002828670006
561,1.514312860027558e-18,415387.8473603183,-328.0713964132433,-547.3140200622236,-402.4736270655828
562,95.22907360034232,415396.1864626983,-329.7248991855671,-548.8718487340188,-403.5172258444655
563,714.3836070025616,415404.52556507825,-331.3784019578909,-550.4296774058143,-404.5608246233482
564,1609.2172610024957,415412.8646674582,-333.0319047302148,-551.9875060776096,-405.6044234022309
565,5323.3635984009625,415421.2037698382,-334.6854075025386,-553.5453347494051,-406.6480221811136
566,6680.700701376245,415429.5428722182,-336.3389102748624,-555.1031634212004,-407.6916209599963
567,13188.548397629429,415437.88197459816,-337.99241304718623,-556.6609920929959,-408.73521973887904
568,3190.1505336509485,415446.22107697814,-339.64591581951004,-558.2188207647912,-409.77881851776175
569,5010.404273188549,415454.5601793581,-341.29941859183384,-559.7766494365867,-410.82241729664446
570,6291.175470853887,415462.8992817381,-342.95292136415765,-561.334478108382,-411.86601607552717
571,8937.644235072352,415471.23838411807,-344.60642413648145,-562.8923067801775,-412.90961485440977
572,7938.7877540151985,415479.57748649805,-346.25992690880526,-564.4501354519728,-413.9532136332925
573,11137.303246885209,415487.916588878,-347.9134296811292,-566.0079641237683,-414.9968124121752
574,10464.166650157238,415496.255691258,-349.566932453453,-567.5657927955635,-416.0404111910579
575,6951.365840902577,415504.594793638,-351.2204352257768,-569.123621467359,-417.0840099699406
576,10931.438917110589,415512.93389601796,-352.8739379981006,-570.6814501391545,-418.1276087488233
577,14921.650135850512,415521.27299839794,-354.5274407704244,-572.2392788109498,-419.17120752770603
578,15332.249279092724,415529.6121007779,-356.1809435427482,-573.7971074827453,-420.21480630658874
579,14244.065042220593,415537.9512031579,-357.834446315072,-575.3549361545406,-421.25840508547145
580,9021.244157344623,415546.29030553787,-359.4879490873958,-576.9127648263361,-422.30200386435416
581,6424.035199238624,415554.62940791785,-361.1414518597196,-578.4705934981314,-423.3456026432369
582,3785.2947059219264,415562.9685102978,-362.7949546320435,-580.0284221699269,-424.3892014221196
583,4701.1118003786005,415571.3076126778,-364.44845740436733,-581.5862508417222,-425.4328002010023
584,4820.346917038091,415579.6467150578,-366.10196017669114,-583.1440795135177,-426.476398979885
585,2952.213276522765,415587.98581743776,-367.75546294901494,-584.701908185313,-427.5199977587677
586,1.3161637911248793e-21,415596.32491981774,-369.40896572133875,-586.2597368571085,-428.5635965376504
587,1.0653798663851241e-23,415604.6640221977,-371.06246849366255,-587.8175655289037,-429.60719531653314
588,5.643555464815455e-26,415613.0031245777,-372.71597126598635,-589.3753942006992,-430.65079409541573
589,6.535943438686515e-27,415621.34222695767,-374.36947403831016,-590.9332228724945,-431.69439287429844
590,3.4195382838507584e-26,415629.68132933765,-376.02297681063396,-592.49105154429,-432.73799165318115
591,1.156732830692056e-26,415638.0204317176,-377.6764795829579,-594.0488802160853,-433.78159043206387
592,8.670444648486587e-26,415646.3595340976,-379.3299823552817,-595.6067088878808,-434.8251892109466
593,9747.032794899791,415654.6986364776,-380.9834851276055,-597.1645375596761,-435.8687879898293
594,339620.0926527303,415663.03773885756,-382.6369878999293,-598.7223662314716,-436.912386768712
